product_title,brand,target_filename_jpg,image_url
3 Ceramide Panthenol Moisture Barrier Cream,Anua,anua-3-ceramide-panthenol-moisture-barrier-cream.jpg,https://koreanskincare.nl/cdn/shop/files/6_a69b567a-ae8d-47e7-a1c8-7df7fc26f802.jpg?v=1731569191
7 Rice Ceramide Hydrating Barrier Serum,Anua,anua-7-rice-ceramide-hydrating-barrier-serum.jpg,https://dreamskinhaven.co.ke/wp-content/uploads/2024/09/XXL_p0210569008.webp
Azelaic Acid 10 Hyaluron Redness Soothing Serum,Anua,anua-azelaic-acid-10-hyaluron-redness-soothing-serum.jpg,https://glowsecret.co.ke/products/anua-azelaic-acid-10-hyaluron-redness-soothing-serum
Heartleaf Silky Moisture Sun Cream,Anua,anua-heartleaf-silky-moisture-sun-cream.jpg,https://assets.beautyhub.co.ke/uploads/20260219130225/anua-heartleaf-silky-moisture-sun-cream-spf-50-50ml.jpg
Niacinamide 10% + TXA 4% Serum,Anua,anua-niacinamide-10-plus-txa-4-serum.jpg,https://kbeautykenya.com/product/anua-niacinamide-10-txa-4-dark-spot-correcting-serum-30ml/?srsltid=AfmBOopX3eKqXMlAapOivP_Bl1lwwkmeZaPC18ufqR_6BUuo75VfhOrO
Rice 70 Glow Milky Toner,Anua,anua-rice-70-glow-milky-toner.jpg,https://glowsecret.co.ke/cdn/shop/files/anua-rice-70-glow-milky-toner-250ml_750.webp?v=1737643367&width=2048
Rice Enzyme Brightening Cleansing Powder,Anua,anua-rice-enzyme-brightening-cleansing-powder.jpg,https://kbeautykenya.com/wp-content/uploads/2025/05/Rice-Enzyme-Brightening-Cleansing-Powder-.webp
Vegan Collagen Eye Serum,AXIS-Y,axis-y-vegan-collagen-eye-serum.jpg,https://i.ebayimg.com/images/g/5EkAAeSwR2xpbSNa/s-l1600.webp
Aqua-Fresh Rice + B5 SPF50+ PA++++,Beauty of Joseon,beauty-of-joseon-aqua-fresh-rice-plus-b5-spf50-plus-pa-plus-plus-plus-plus.jpg,https://www.maquibeauty.com/images/productos/beauty-of-joseon-protector-solar-facial-relief-sun-aqua-fresh-rice-b5-spf50-pa-6-85904.jpeg
Pigmentbio Sensitive Areas,Bioderma,bioderma-pigmentbio-sensitive-areas.jpg,https://www.goodlife.co.ke/wp-content/uploads/2024/04/1135718.jpg
Pore + Dark Spot Brightening Serum,Celimax,celimax-pore-plus-dark-spot-brightening-serum.jpg,https://ke.jumia.is/unsafe/fit-in/500x500/filters:fill(white)/product/60/9005623/1.jpg?4521
The Vita A Retinal Shot Tightening Booster,Celimax,celimax-the-vita-a-retinal-shot-tightening-booster.jpg,https://luminr.co.ke/cdn/shop/files/celimax-TheVita-ARetinalShotTighteningBooster15ml.webp?v=1755157715&width=2048
Temptation Shower Gel,Cosmo,cosmo-temptation-shower-gel.jpg,https://pharmily.co.ke/storage//files/2025/04/30/284-7yC_10_38_26_screenshot-2025-04-30-at-104118.png
Hyaluronic Acid Hydra Power Essence,COSRX,cosrx-hyaluronic-acid-hydra-power-essence.jpg,https://kbeautykenya.com/wp-content/uploads/2023/11/COSRX-Hyaluronic-Acid-Hydra-Power-Essence.jpg
Hyaluronic Acid Intensive Cream,COSRX,cosrx-hyaluronic-acid-intensive-cream.jpg,https://thriveaesthetics.co.ke/wp-content/uploads/2023/09/Cosrx-Hyaluronic-Acid-Intensive-Cream.jpg
Oil-Free Ultra-Moisturizing Lotion,COSRX,cosrx-oil-free-ultra-moisturizing-lotion.jpg,https://kbeautykenya.com/wp-content/uploads/2019/06/oil-free-ultra-moisturizing-lotion-with-birch-sap-cosrx.jpg
The Retinol 0.1 Cream,COSRX,cosrx-the-retinol-0-1-cream.jpg,https://kbeautykenya.com/wp-content/uploads/2023/02/COSRX-Retinol.jpg
The Retinol 0.5 Oil,COSRX,cosrx-the-retinol-0-5-oil.jpg,https://kbeautykenya.com/wp-content/uploads/2023/02/COSRX-Retinol-oil.jpg
The Vitamin C 13 Serum,COSRX,cosrx-the-vitamin-c-13-serum.jpg,https://www.goodlife.co.ke/wp-content/smush-webp/2024/04/1137260.jpg.webp
Body Lotion,Dr Teal's,dr-teal-s-body-lotion.jpg,https://faceshop254.com/wp-content/uploads/2024/05/6ADADD1A-F351-4F19-B0FD-D2A0B26FBA86-600x750.jpeg
Pink Himalayan Salt Body Scrub Glow & Radiance,Dr Teal's,dr-teal-s-pink-himalayan-salt-body-scrub-glow-and-radiance.jpg,https://www.true.co.ke/cdn/shop/products/Dr-Teal_s-Pink-Himalayan-Salt-Body-Scrub-Glow-_-Radiance-454g_1024x1024.jpg?v=1674032070
Shea Sugar Scrub,Dr Teal's,dr-teal-s-shea-sugar-scrub.jpg,https://letoile.qa/cdn/shop/files/TEL000036_main.jpg?v=1761387184
147 Barrier Cream,Dr. Althea,dr-althea-147-barrier-cream.jpg,https://kbeautykenya.com/wp-content/uploads/2025/05/Dr.-Althea-147-Barrier-Cream.webp
147 Relief Cream,Dr. Althea,dr-althea-147-relief-cream.jpg,https://www.kliqpik.com/cdn/shop/files/WhatsAppImage2025-08-16at14.57.30_2.jpg?v=1755337128
Aqua Glowing Sunscreen,Dr. Althea,dr-althea-aqua-glowing-sunscreen.jpg,https://www.korelu.de/cdn/shop/files/dr-althea-aqua-glowing-sunscreen-45ml_1200x1200_crop_center.jpg?v=1753174162
Pure Grinding Cleansing Balm,Dr. Althea,dr-althea-pure-grinding-cleansing-balm.jpg,https://senses-kbeauty.de/cdn/shop/files/Dr.Althea-Pure-Grinding-Cleansing-Balm-senses-korean-skincare.webp?v=1768508148
Bakuchiol Plumping Serum,EQQUALBERRY,eqqualberry-bakuchiol-plumping-serum.jpg,https://glowsecret.co.ke/cdn/shop/files/EQQUALBERRY-Bakuchiol_Plumping_Serum_grande.jpg?v=1737017823
Purple PDRN Pore Minimizing Serum,EQQUALBERRY,eqqualberry-purple-pdrn-pore-minimizing-serum.jpg,https://holyskin.fr/cdn/shop/files/EQQUALBERRY-Purple-PDRN-Pore-Minimizing-Serum.webp?v=1770645961&width=1445
Purple Rice Pore Purifying Pack Cleanser,EQQUALBERRY,eqqualberry-purple-rice-pore-purifying-pack-cleanser.jpg,https://ke.jumia.is/unsafe/fit-in/500x500/filters:fill(white)/product/02/6590623/1.jpg?4316
Vitamin Illuminating Serum,EQQUALBERRY,eqqualberry-vitamin-illuminating-serum.jpg,https://www.glowskincosmetics.com/wp-content/uploads/2025/08/IMG_20250827_135639.jpg
Rice Cream,I'm From,i-m-from-rice-cream.jpg,https://ke.jumia.is/unsafe/fit-in/680x680/filters:fill(white)/product/02/4897762/1.jpg?4621
Rice Toner,I'm From,i-m-from-rice-toner.jpg,https://luminr.co.ke/cdn/shop/files/I_mfrom-RiceToner150ml.webp?v=1731441426&width=2048
Snail Mucin 95 + Peptide Facial Essence,Jumiso,jumiso-snail-mucin-95-plus-peptide-facial-essence.jpg,https://kbeautykenya.com/wp-content/uploads/2024/02/JUMISO-Snail-Mucin-95-Peptide-Essence-140ml.jpg
Seoul 1988 Cleansing Oil Pine Cica 1% + Probiotics,K-SECRET,k-secret-seoul-1988-cleansing-oil-pine-cica-1-plus-probiotics.jpg,https://www.ksecret.com/images/thumbs/0012690_k-secret-seoul-1988-cleansing-oil-pine-cica-1-probiotics-200ml.jpeg
Seoul 1988 Eye Cream Retinal Liposome 4% + Fermented Bean,K-SECRET,k-secret-seoul-1988-eye-cream-retinal-liposome-4-plus-fermented-bean.jpg,https://ksecretcosmetics.com/cdn/shop/files/1988EyeCreamThumbnail_4_5800x.png?v=1764147615
Seoul 1988 Serum Retinal Liposome 2% + Black Ginseng,K-SECRET,k-secret-seoul-1988-serum-retinal-liposome-2-plus-black-ginseng.jpg,https://kbeautykenya.com/wp-content/uploads/2025/05/1988Serum.webp
Moist Essence Sun Cream Protect & Moisture SPF50+ PA++++,Madame J,madame-j-moist-essence-sun-cream-protect-and-moisture-spf50-plus-pa-plus-plus-plus-plus.jpg,"https://static.wixstatic.com/media/2d2af6_5d48f68891a4414c9c9cde8e5512ae64~mv2.jpg/v1/fit/w_500,h_500,q_90/file.jpg"
Salicylic Acid BHA Foaming Cleanser,Madame J,madame-j-salicylic-acid-bha-foaming-cleanser.jpg,https://scontent.fnbo9-1.fna.fbcdn.net/v/t39.30808-6/597884088_872507802200526_4477776569831931675_n.jpg?_nc_cat=104&ccb=1-7&_nc_sid=7b2446&_nc_ohc=ri8IZen_Yk0Q7kNvwFbLSJg&_nc_oc=AdkH9RtCr1IGK4NU3nDqnxVm0yWP1rJPKGYUQuIpwhN-S-SDLS7GzDkDGW9eiw-XtIo&_nc_pt=5&_nc_zt=23&_nc_ht=scontent.fnbo9-1.fna&_nc_gid=VXbZYTvGUyy7wwRa_LyTXw&_nc_ss=8&oh=00_Afwkyz2-r5F8QxC1oK26Nbn650TLMuY3rbL2Xlwhv66EoQ&oe=69BEF58B
Smooth and Glowy Gentle Cleanser,Madame J,madame-j-smooth-and-glowy-gentle-cleanser.jpg,https://encrypted-tbn0.gstatic.com/images?q=tbn:ANd9GcTYY-NiC0ejPSOIyU_nJUPlyaAN1tb7mFjlkw&s
AGE-R Glutathione Glow Capsule Cream,Medicube,medicube-age-r-glutathione-glow-capsule-cream.jpg,https://glowsecret.co.ke/cdn/shop/files/123.webp?v=1737798614&width=2048
Collagen Jelly Cream,Medicube,medicube-collagen-jelly-cream.jpg,https://assets.beautyhub.co.ke/wp-content/uploads/2024/10/03131655/medicube-collagen-jelly-cream-110ml-3.jpg
Collagen Night Wrapping Mask,Medicube,medicube-collagen-night-wrapping-mask.jpg,https://pureseoul.co.uk/cdn/shop/files/MEDICUBE-Collagen-Night-Wrapping-Mask-75ml-2025-PURESEOUL-UK-KBeauty-Shop-1_1800x1800.png?v=1737543182
Deep Lifting Peptide Eye Cream,Medicube,medicube-deep-lifting-peptide-eye-cream.jpg,https://glowtime.mu/wp-content/uploads/2024/12/MEDICUBE-Deep-Lifting-Peptide-Eye-Cream-for-Face-1.png
Deep Vita A Retinol Serum,Medicube,medicube-deep-vita-a-retinol-serum.jpg,https://theskincarelibrary.com/cdn/shop/files/Medicube_Deep_Vita_A_Retinol_Serum2_800x.png?v=1732198145
Deep Vita C Capsule Cream,Medicube,medicube-deep-vita-c-capsule-cream.jpg,https://glowsecret.co.ke/cdn/shop/files/DEEP_VITA_C_CAPSULE_CREAM.jpg?v=1761905604&width=500
Deep Vita C Pad,Medicube,medicube-deep-vita-c-pad.jpg,https://pureseoul.co.uk/cdn/shop/files/MEDICUBE-Deep-Vita-C-Pad-70pcs-150g-PURESEOUL-UK-KBeauty-Shop-4_1800x1800.png?v=1724065239
Glutathione Glow Serum,Medicube,medicube-glutathione-glow-serum.jpg,https://images-na.ssl-images-amazon.com/images/I/61ZuRtGjwVL.jpg
One Day Exosome Shot Pore Ampoule 7500,Medicube,medicube-one-day-exosome-shot-pore-ampoule-7500.jpg,https://kbeautyworld.com/cdn/shop/files/Medicube-One-Day-Exosome-Shot-Pore-Ampoule-7500-K-Beauty-World.webp?v=1741972845&width=2048
PDRN Pink Collagen Capsule Cream,Medicube,medicube-pdrn-pink-collagen-capsule-cream.jpg,https://glowsecret.co.ke/cdn/shop/files/medicube_PDRN_Pink_capsule_cream_1.webp?v=1761905064&width=1080
PDRN Pink Hyaluronic Moisturizing Cream,Medicube,medicube-pdrn-pink-hyaluronic-moisturizing-cream.jpg,https://ammsud.com/wp-content/uploads/2025/01/Medicube-PDRN-Pink-Hyaluronic-Moisturizing-Cream-50ml-Price-In-Bangladesh.jpg
PDRN Pink Peptide Serum,Medicube,medicube-pdrn-pink-peptide-serum.jpg,https://kbeautykenya.com/wp-content/uploads/2025/10/medicube-pdrn-pink-peptide-serum.jpg
TXA Niacinamide Capsule Cream,Medicube,medicube-txa-niacinamide-capsule-cream.jpg,https://luviabeauty.co.ke/wp-content/uploads/2025/07/Medicube_TXA_NIACINAMAIDE_CAPSULE_CREAM_55g3_webp.webp
Zero Pore Blackhead Mud Mask,Medicube,medicube-zero-pore-blackhead-mud-mask.jpg,https://glowsecret.co.ke/cdn/shop/files/Medicube_Zero_Pore_Blackhead_Mud_Mask_100g_KBeauty_Australia__88275.1731641505_800x_a4536f01-e4cd-4a2d-a7bd-53626d152ede.webp?v=1763382662&width=2048
Zero Pore Pad,Medicube,medicube-zero-pore-pad.jpg,https://images-na.ssl-images-amazon.com/images/I/61A3gel565L.jpg
Anti-Acne Body Cleanser,Naturals by Watsons,naturals-by-watsons-anti-acne-body-cleanser.jpg,https://medias.watsons.com.sg/publishing/WTCSG-93412-back-zoom.jpg?version=1763669461
Lightening Body Lotion,Naturals by Watsons,naturals-by-watsons-lightening-body-lotion.jpg,https://www.watsons.sa/cdn/shop/files/ASW100005038_101.jpg?v=1754368280&width=1445
No. 5 Vitamin Concentrated Serum,Numbuzin,numbuzin-no-5-vitamin-concentrated-serum.jpg,https://glowsecret.co.ke/cdn/shop/files/numbuzin_VitaminConcentratedSerum30ml-Holiholic_bd1a08ac-07d9-4e95-9fc0-a10098b27922.webp?v=1767626230&width=600
No. 5 Vitamin-Niacinamide Concentrated Pad,Numbuzin,numbuzin-no-5-vitamin-niacinamide-concentrated-pad.jpg,https://luviabeauty.co.ke/wp-content/uploads/2024/05/pad.jpg
No. 9 NAD Bio Lifting-sil Full Face Mask,Numbuzin,numbuzin-no-9-nad-bio-lifting-sil-full-face-mask.jpg,https://hikoco.co.nz/cdn/shop/files/hikoco_numbuzin_No.9_NAD_BioLifting-silFullFaceMask25_01_1024x1024.jpg?v=1765156528
Acne Foaming Wash,PanOxyl,panoxyl-acne-foaming-wash.jpg,https://dreamskinhaven.co.ke/wp-content/uploads/2021/03/719hqT1t0KL._SL1500_.jpg
Mighty Bamboo Panthenol Cream,Purito,purito-mighty-bamboo-panthenol-cream.jpg,https://accessoriestrend.co.ke/wp-content/uploads/2024/10/PURITO-Mighty-Bamboo-Panthenol-Cream.webp
Madagascar Centella Ampoule,SKIN1004,skin1004-madagascar-centella-ampoule.jpg,https://kbeautykenya.com/wp-content/uploads/2023/10/Skin1004-Madagascar-CENTELLA-AMPOULE-1.jpg
Madagascar Centella Poremizing Light Gel Cream,SKIN1004,skin1004-madagascar-centella-poremizing-light-gel-cream.jpg,https://www.simplicosmetics.co.ke/wp-content/uploads/2025/04/25463-skin1004-centella-poremizing-light-gel-cream-75ml.webp
Madagascar Centella Probio-Cica Intensive Ampoule,SKIN1004,skin1004-madagascar-centella-probio-cica-intensive-ampoule.jpg,https://glowsecret.co.ke/cdn/shop/files/SKIN1004-Madagascar-Centella-Probio-Cica-Intensive-Ampoule-3_800x_fc07d3a0-d216-4319-a4a9-26ce59652a11.webp?v=1721906577&width=2048
Madagascar Centella Tone Brightening Cleansing Gel Foam,SKIN1004,skin1004-madagascar-centella-tone-brightening-cleansing-gel-foam.jpg,https://glowsecret.co.ke/cdn/shop/files/Skin1004_Madagascar_Tone_Brightening_Cleansing_Gel_Foam_125ml_grande.jpg?v=1758183831
Cream Azelaic Acid 20%,Skinoren,skinoren-cream-azelaic-acid-20.jpg,https://accessdoctor.co.uk/wp-content/uploads/2022/02/Skinoren.jpg
Jet Set 40,Sol de Janeiro,sol-de-janeiro-jet-set-40.jpg,https://static.thcdn.com/productimg/original/13907283-3175269413972264.jpg
Jet Set 62,Sol de Janeiro,sol-de-janeiro-jet-set-62.jpg,https://dreamskinhaven.co.ke/wp-content/uploads/2023/05/s2205417-av-01-zoom.webp
Jet Set 68,Sol de Janeiro,sol-de-janeiro-jet-set-68.jpg,https://soldejaneiro.com/cdn/shop/files/BF_Jet_Set_1.jpg?v=1760108920
Retinol Intense Advanced Triple Action Eye Cream,Some By Mi,some-by-mi-retinol-intense-advanced-triple-action-eye-cream.jpg,https://www.glowskincosmetics.com/wp-content/uploads/2024/02/IMG_20240212_122931.jpg
Retinol Intense Trial Kit,Some By Mi,some-by-mi-retinol-intense-trial-kit.jpg,https://life-cdn.lifepharmacy.com/images/products/141251-2-1024x1024.jpg
Gluta-Hya Dewy Radiance Serum Burst Lotion,Vaseline,vaseline-gluta-hya-dewy-radiance-serum-burst-lotion.jpg,https://glowsecret.co.ke/cdn/shop/files/Vaseline_Gluta_Hya_Serum_Burst_Lotion_Dewy_Radiance_330ml_grande.jpg?v=1737709380
Gluta-Hya Flawless Glow Serum Burst Lotion,Vaseline,vaseline-gluta-hya-flawless-glow-serum-burst-lotion.jpg,https://ke.jumia.is/unsafe/fit-in/500x500/filters:fill(white)/product/15/8297972/1.jpg?1155
Illuminate Me Shimmering Body Oil,Vaseline,vaseline-illuminate-me-shimmering-body-oil.jpg,https://images-na.ssl-images-amazon.com/images/I/81G12XsnNnL.jpg
Reedle Shot 100,VT Cosmetics,vt-cosmetics-reedle-shot-100.jpg,https://kbeautykenya.com/wp-content/uploads/2025/01/VT-COSMETICS-CICA-Reedle-Shot-100.jpg
